<?xml version="1.0" encoding="utf-8"?>
<openerp>
<data noupdate="0">

    <!--Visitor management group -->
	<record id="visitor_management_user" model="res.groups">
        <field name="name">Visitor Management User</field>
    </record>
    
    <!--group for hiosing discuss menu-->
    <record id="show_discuss_menu" model="res.groups">
        <field name="name">Show Discuss Menu</field>
    </record>
    
    <!--Add groups for menus-->
    <record model='ir.ui.menu' id='mail.mail_channel_menu_root_chat'>
        <field name="groups_id" eval="[(6,0,[ref('bt_visitor_log.show_discuss_menu')])]"/>
    </record>
    
 </data>
</openerp>
