<?xml version="1.0" encoding="utf-8"?>
<odoo>
    <data noupdate="0">

        <record id="ir_cron_check_expired_visitor_log" model="ir.cron">
            <field name="name">Check Expired Rules</field>
            <field name="interval_number">10</field>
            <field name="interval_type">minutes</field>
            <field name="numbercall">-1</field>
            <field name="doall" eval="False"/>
            <field name="model" eval="'bt.visitor.log'"/>
            <field name="function" eval="'_check_visitor_logs'"/>
            <field name="active" eval="True" />
        </record>

    </data>
</odoo>
